{
  "glucose": {
    "mean": 136.42266240702983,
    "std": 46.609214126138724
  },
  "meal_carbs": {
    "mean": 0.21424601711527674,
    "std": 0.9767385393304864
  },
  "insulin_bolus": {
    "mean": 0.06734581403793459,
    "std": 0.1118315647280963
  },
  "insulin_basal": {
    "mean": 0.427220121904174,
    "std": 0.11866758315973149
  },
  "exercise_intensity": {
    "mean": 0.44223051018328097,
    "std": 0.3307059443072699
  },
  "gsr": {
    "mean": 0.2916051803814643,
    "std": 2.0495425798077993
  },
  "skin_temp": {
    "mean": 84.06423386737025,
    "std": 15.573294742455642
  }
}