{
  "glucose": {
    "mean": 153.60768250630048,
    "std": 44.44452241757272
  },
  "meal_carbs": {
    "mean": 0.49748217756006585,
    "std": 1.662003508044948
  },
  "insulin_bolus": {
    "mean": 0.06217401682053633,
    "std": 0.14414133675045127
  },
  "insulin_basal": {
    "mean": 1.4968025837706904,
    "std": 0.10845313152403367
  },
  "exercise_intensity": {
    "mean": 0.10271428813156089,
    "std": 0.18739309628932413
  },
  "gsr": {
    "mean": 0.6644600266592279,
    "std": 1.6926565002071063
  },
  "skin_temp": {
    "mean": 84.87943651012947,
    "std": 14.143776809292397
  }
}