{
  "glucose": {
    "mean": 147.33846641065796,
    "std": 39.3379762249988
  },
  "meal_carbs": {
    "mean": 0.23976519045302805,
    "std": 1.0201781534899539
  },
  "insulin_bolus": {
    "mean": 0.0598816187773196,
    "std": 0.11626115333706892
  },
  "insulin_basal": {
    "mean": 1.2813430790315214,
    "std": 0.10171227377587891
  },
  "exercise_intensity": {
    "mean": 0.15915766034004153,
    "std": 0.32718241292915656
  },
  "gsr": {
    "mean": 0.12849030967445108,
    "std": 0.1334436215794043
  },
  "skin_temp": {
    "mean": 83.38896024623872,
    "std": 9.114765099406425
  }
}