{
  "glucose": {
    "mean": 162.09546879631338,
    "std": 54.984738192897616
  },
  "meal_carbs": {
    "mean": 0.29850157341025807,
    "std": 0.8851169303201478
  },
  "insulin_bolus": {
    "mean": 0.030939950928210985,
    "std": 0.06380534244452948
  },
  "insulin_basal": {
    "mean": 1.071463290710475,
    "std": 0.1898488094271188
  },
  "exercise_intensity": {
    "mean": 0.06484210652382018,
    "std": 0.08964799175176916
  },
  "gsr": {
    "mean": 0.21900409779020596,
    "std": 1.2263722979898195
  },
  "skin_temp": {
    "mean": 87.5487726221717,
    "std": 2.808671137963002
  }
}