{
  "glucose": {
    "mean": 142.76784198750096,
    "std": 40.571980996763784
  },
  "meal_carbs": {
    "mean": 0.2147661501847082,
    "std": 0.6702855867595062
  },
  "insulin_bolus": {
    "mean": 0.1437382439140344,
    "std": 0.20736497111100002
  },
  "insulin_basal": {
    "mean": 0.8272664146285009,
    "std": 0.21440739434895298
  },
  "exercise_intensity": {
    "mean": 0.09716843613869135,
    "std": 0.11626390147592779
  },
  "gsr": {
    "mean": 0.24472933127613983,
    "std": 1.1291973634703492
  },
  "skin_temp": {
    "mean": 87.88089777398336,
    "std": 2.274294625519828
  }
}