{
  "glucose": {
    "mean": 145.99497676407918,
    "std": 32.04993827756463
  },
  "meal_carbs": {
    "mean": 0.10209057354414794,
    "std": 0.7355745147674728
  },
  "insulin_bolus": {
    "mean": 0.0879787458034965,
    "std": 0.20260152421311622
  },
  "insulin_basal": {
    "mean": 1.0464874048903006,
    "std": 0.1588399988641458
  },
  "exercise_intensity": {
    "mean": 0.7467410601707954,
    "std": 0.23710871015999724
  },
  "gsr": {
    "mean": 0.169891745324128,
    "std": 0.6903462724114985
  },
  "skin_temp": {
    "mean": 87.3710282524347,
    "std": 10.848237039947417
  }
}