{
  "glucose": {
    "mean": 185.2042103505219,
    "std": 50.069560775311885
  },
  "meal_carbs": {
    "mean": 0.8190306947705862,
    "std": 2.3117876274218077
  },
  "insulin_bolus": {
    "mean": 0.12194088034196546,
    "std": 0.21183224729169217
  },
  "insulin_basal": {
    "mean": 0.9199861123166392,
    "std": 0.15256246514184377
  },
  "exercise_intensity": {
    "mean": 0.07224839007140071,
    "std": 0.08961295824116676
  },
  "gsr": {
    "mean": 0.33707301859792266,
    "std": 1.903055322452077
  },
  "skin_temp": {
    "mean": 86.59322163874664,
    "std": 3.1593222934621
  }
}