{
  "glucose": {
    "mean": 136.8353447090209,
    "std": 50.52408451043899
  },
  "meal_carbs": {
    "mean": 0.5991091912226856,
    "std": 1.2947925192341987
  },
  "insulin_bolus": {
    "mean": 0.0567382090143908,
    "std": 0.09787049706296197
  },
  "insulin_basal": {
    "mean": 0.7448981926332648,
    "std": 0.09475398879720803
  },
  "exercise_intensity": {
    "mean": 0.10778700959041985,
    "std": 0.08716722953145277
  },
  "gsr": {
    "mean": 0.13671173361906983,
    "std": 0.7912666438931533
  },
  "skin_temp": {
    "mean": 87.08247777141408,
    "std": 2.723765470798742
  }
}