{
  "glucose": {
    "mean": 191.99032528902518,
    "std": 56.97246010766432
  },
  "meal_carbs": {
    "mean": 0.30915561820775406,
    "std": 1.0130562688835518
  },
  "insulin_bolus": {
    "mean": 0.11631747196960035,
    "std": 0.16256654526893663
  },
  "insulin_basal": {
    "mean": 1.6793456109895084,
    "std": 0.0858598236076178
  },
  "exercise_intensity": {
    "mean": 0.706547254063265,
    "std": 0.3499136305037288
  },
  "gsr": {
    "mean": 1.6003078973255311,
    "std": 3.991044315602017
  },
  "skin_temp": {
    "mean": 82.59088881405744,
    "std": 11.95324372468397
  }
}