{
  "glucose": {
    "mean": 166.979641401388,
    "std": 45.68568265244232
  },
  "meal_carbs": {
    "mean": 0.45068029093467576,
    "std": 1.3558236085913717
  },
  "insulin_bolus": {
    "mean": 0.047850338567674525,
    "std": 0.07920851900859326
  },
  "insulin_basal": {
    "mean": 1.2274832188874316,
    "std": 0.09920970900385032
  },
  "exercise_intensity": {
    "mean": 0.06737160516480616,
    "std": 0.07312242133078341
  },
  "gsr": {
    "mean": 0.00396928643494167,
    "std": 0.037548404327375835
  },
  "skin_temp": {
    "mean": 90.29172082667097,
    "std": 3.7682525733515155
  }
}