{
  "glucose": {
    "mean": 155.7193245482522,
    "std": 47.18726151502734
  },
  "meal_carbs": {
    "mean": 0.35976053410621744,
    "std": 0.8735369925884036
  },
  "insulin_bolus": {
    "mean": 0.0438787454577938,
    "std": 0.06944220133139718
  },
  "insulin_basal": {
    "mean": 0.9842326205318394,
    "std": 0.06979592974477858
  },
  "exercise_intensity": {
    "mean": 0.09342184517088406,
    "std": 0.09460113989317749
  },
  "gsr": {
    "mean": 1.8914695976177804,
    "std": 4.565484541021205
  },
  "skin_temp": {
    "mean": 87.83075787623591,
    "std": 2.529509201258392
  }
}