{
  "glucose": {
    "mean": 147.04306714929453,
    "std": 36.366717379225044
  },
  "meal_carbs": {
    "mean": 0.2650870969561635,
    "std": 0.691258590909296
  },
  "insulin_bolus": {
    "mean": 0.02982069343813626,
    "std": 0.05706193675362691
  },
  "insulin_basal": {
    "mean": 0.4522161483341952,
    "std": 0.019051753463585494
  },
  "exercise_intensity": {
    "mean": 0.5780277882744237,
    "std": 0.3165357689357343
  },
  "gsr": {
    "mean": 0.06018315914895821,
    "std": 0.3109322450358935
  },
  "skin_temp": {
    "mean": 82.8848745303512,
    "std": 17.35489472619497
  }
}